"","a","b"
"1",-4.49018865274088,0.00907852374858168
"2",-4.59814932343564,0.00909059620522594
"3",-4.64026117581574,0.00925096125089784
"4",-4.60840437805796,0.00959042617777043
"5",-4.48411932950837,0.00913000559346371
"6",-4.31054218680731,0.00865554324411706
"7",-4.34002058982568,0.00922144076241987
"8",-4.19274649662751,0.00889087508147515
"9",-4.36398911338579,0.00926573374757745
"10",-4.48752070561274,0.00940560977371964
"11",-4.47971390107494,0.00902093888546571
"12",-4.36260669977818,0.00894812630987656
"13",-4.33741349921762,0.0090251397816501
"14",-4.41093713856872,0.00934386197082604
"15",-4.46865603291163,0.00930968621311888
"16",-4.60094862433373,0.00947311162533553
"17",-4.54437413024273,0.00948630308893297
"18",-4.57799184412285,0.00959022472410214
"19",-4.5176921927024,0.00924057755046548
"20",-4.44298827467194,0.00941556869545567
"21",-4.39159456876234,0.00934842642793105
"22",-4.58320834560923,0.00952773743672309
"23",-4.64410145566568,0.00966264667913844
"24",-4.74467333673448,0.00994330977111717
"25",-4.82518507682771,0.00942770824817087
"26",-4.81302637323463,0.00927694508023356
"27",-4.83875988077658,0.0100254214124652
"28",-4.71727778216646,0.00970128553610223
"29",-4.74192024776986,0.00987937102373395
"30",-4.73789653695271,0.010148952089758
"31",-4.78477577920095,0.0101620069888367
"32",-4.80329759412487,0.00981523401230035
"33",-4.75280804634058,0.00958649635651292
"34",-4.50511229525656,0.00923541798383832
"35",-4.48132736388028,0.00962438635032976
"36",-4.78274167019856,0.0101304819328159
"37",-4.9471333719212,0.0102134480454591
"38",-5.08604519756499,0.0101601554211998
"39",-4.81817193889685,0.00993270132196511
"40",-4.7359484487992,0.00975060798087946
"41",-4.60492654550013,0.00972088088554284
"42",-4.55322294914935,0.0096877981162363
"43",-4.54812764108419,0.00949387891559486
"44",-4.50915129552981,0.00958713605800456
"45",-4.72097223918121,0.00980218749361689
"46",-4.87852998643099,0.00978679693220884
"47",-4.81114921692779,0.00977983666774894
"48",-4.84690244992507,0.00978726928435963
"49",-4.65167869560779,0.0096430354988064
"50",-4.6335396718066,0.00925116641274422
"51",-4.6007749365784,0.00970158581033646
"52",-4.75315784730327,0.00998101283466477
"53",-5.01387592887098,0.0103616006135462
"54",-4.9744342051793,0.0106192605524344
"55",-5.01179782102916,0.0103136329789341
"56",-4.99520560341591,0.0103614807104973
"57",-5.04972825165902,0.0102049137464504
"58",-4.728135019527,0.0101364117914613
"59",-4.74917696515382,0.00986615761882836
"60",-4.81126066421874,0.0100839051378973
"61",-4.883085454321,0.0102515166052898
"62",-5.05219317097581,0.0105057369045694
"63",-5.00384869555938,0.0101315742496128
"64",-4.7848288881973,0.00977209458991715
"65",-4.65037112828116,0.00984077297977142
"66",-4.90733573294125,0.00986110094797371
"67",-4.90948141859255,0.0101860732002861
"68",-4.80193964072304,0.0101779888773621
"69",-4.80501833137976,0.00975146352851025
"70",-4.79672111361971,0.00993820838765694
"71",-4.76573046706895,0.0103869187544954
"72",-4.81591571038108,0.0103658510876278
"73",-4.89057937239464,0.00996184384407975
"74",-4.89584575745324,0.0104910159238388
"75",-5.22544795708285,0.0104261461448924
"76",-5.03962875691089,0.0103061278755685
"77",-4.85699805737028,0.0103043265887692
"78",-4.90480485131908,0.010228147563968
"79",-4.92883354482306,0.0100203892107545
"80",-4.64980103396336,0.00939506171973557
"81",-4.64777807068722,0.00967899905986401
"82",-4.75898082510419,0.00975931225966003
"83",-4.68654550973143,0.00959483484045187
"84",-4.67644976115486,0.00950161989453026
"85",-4.67149671007463,0.00980801531425452
"86",-4.47391107237022,0.00972145663847208
"87",-4.64488097186096,0.00977827231540521
"88",-4.78620644657564,0.0096995556650972
"89",-4.64792461366532,0.00971395038724556
"90",-4.70638999113251,0.00952589448300591
"91",-4.70117785569246,0.0100552174174734
"92",-4.85798722948816,0.00979899429806134
"93",-4.51901669755143,0.00954045267583848
"94",-4.55272282867719,0.00940475354242015
"95",-4.64999880355861,0.00938885071530799
"96",-4.35279123969648,0.009348275809064
"97",-4.40636432228802,0.00907656461410198
"98",-4.2039504567528,0.00899572810296694
"99",-4.37673884025267,0.00909436035546038
"100",-4.35123059554939,0.00898718353946465
"101",-4.36555141542849,0.0091610773388469
"102",-4.44148332662795,0.00911636199801676
"103",-4.44574738747946,0.00899597839818469
"104",-4.48470677981727,0.00898833661836665
"105",-4.45197045063935,0.00917986073438417
"106",-4.45385718454899,0.00944073991639384
"107",-4.36895566991226,0.00934404490934841
"108",-4.39245696127972,0.00902205064736293
"109",-4.2640626798378,0.00881654338496586
"110",-4.21162170314456,0.00889398421978667
"111",-4.21596839673923,0.00876218203810749
"112",-4.17556881749635,0.00883647716117416
"113",-4.17008016409881,0.00865214263883117
"114",-4.10206393487447,0.00843879976352157
"115",-4.06222667333305,0.00873050483358648
"116",-4.2782425756478,0.00911210693426363
"117",-4.28906495767285,0.00903633579638572
"118",-4.30975414196393,0.00879330148736742
"119",-4.29607225638582,0.0088253462385601
"120",-4.30186959228775,0.0092257073989082
"121",-4.57127547138424,0.00952262697936784
"122",-4.66168922704504,0.0097997312547067
"123",-4.8199626357911,0.0100449992167445
"124",-4.77845752023521,0.0100761434070923
"125",-4.76309898765388,0.0098257555962377
"126",-4.58291466560512,0.00978704726257939
"127",-4.60079661891126,0.00971352028839957
"128",-4.64221923988402,0.00947709656146605
"129",-4.70592104913657,0.00953282518931366
"130",-4.56626102055965,0.00940128523438895
"131",-4.59924490782959,0.00969622800084964
"132",-4.61130412919715,0.00930944349527433
"133",-4.56031544618563,0.00933675716149829
"134",-4.50480078283304,0.0094715063992605
"135",-4.56243201048135,0.00952773189658012
"136",-4.58538790452879,0.00909025204302849
"137",-4.58378415452994,0.0092778816658483
"138",-4.55807918012966,0.00970511017613871
"139",-4.58037107408544,0.00931322185830873
"140",-4.54490175239722,0.00959583574512487
"141",-4.5528631529499,0.00988387255421571
"142",-4.61428761089092,0.00959443138544739
"143",-4.69807239868448,0.00959816069740022
"144",-4.81527863471849,0.0102425126593908
"145",-4.77796252123063,0.00998565183202431
"146",-4.73687816378943,0.00977957462126318
"147",-4.53082019734319,0.00965874161289481
"148",-4.51507822528106,0.00902685326991252
"149",-4.50403348152156,0.0095670348310238
"150",-4.69723799363342,0.0100633472804894
"151",-4.70187483469944,0.00992473796819796
"152",-4.79595540958503,0.00995293056035022
"153",-4.86909535959874,0.00996339901520378
"154",-4.72423167929997,0.00966091644378674
"155",-4.73028740062056,0.00985683197945054
"156",-4.5543187047272,0.00927959586440999
"157",-4.49874073518146,0.00933433427429386
"158",-4.48955875806568,0.00912491084112066
"159",-4.42100897970416,0.00912205007291491
"160",-4.50376276277395,0.00920656363053962
"161",-4.4864216104648,0.00925436985675929
"162",-4.40740004836309,0.00898180761410636
"163",-4.42458152757444,0.00931842117604111
"164",-4.54821021817154,0.00974384411984033
"165",-4.67033857932473,0.00992806920074484
"166",-4.87299247309482,0.0101770270880403
"167",-4.93855329620732,0.0101559070998427
"168",-4.75394856371865,0.00973803848458391
"169",-4.72577952201417,0.00968964024306452
"170",-4.72883636079454,0.00983211681886362
"171",-4.57056824629315,0.00966454920594281
"172",-4.58925765384406,0.00975309059479045
"173",-4.57894318371038,0.00960227322420718
"174",-4.5549981554553,0.00968978887913142
"175",-4.61450034484004,0.00978182106786854
"176",-4.7367927171273,0.00995445171086678
"177",-4.73804655904766,0.00986225304885322
"178",-4.73723030505535,0.00971802856308922
"179",-4.73958131446402,0.00975874172104998
"180",-4.77860679266047,0.0096970371340344
"181",-4.60601371631497,0.00964288739391767
"182",-4.56983629695662,0.00960455923462726
"183",-4.54149023217874,0.00983125815818241
"184",-4.69096021531988,0.00994295796108594
"185",-4.81037645771654,0.00975772844113787
"186",-4.80291659594043,0.00992710429743078
"187",-4.84761480315663,0.00997323021583255
"188",-4.76707930462979,0.00963273981242606
"189",-4.7488657171757,0.0100097567928019
"190",-4.96811363916012,0.0104022124487906
"191",-4.95991338781793,0.0100367627344185
"192",-4.73983748449813,0.00958414052184845
"193",-4.66405374049179,0.00971418087210631
"194",-4.6640358030719,0.00986117819913883
"195",-4.74590846115544,0.00983177347903713
"196",-4.78810137356979,0.00978847733195626
"197",-4.75767172759511,0.00983278714198263
"198",-4.58952850855195,0.00981348202013994
"199",-4.58743516594499,0.00980860471202987
"200",-4.84265827435623,0.00997017616763665
"201",-4.71453962834016,0.00951206172539622
"202",-4.7117298992189,0.00946203577722003
"203",-4.64713638098011,0.0095161223306453
"204",-4.56695939268161,0.00969838905232937
"205",-4.61711628869793,0.00941566229702563
"206",-4.39871798717205,0.00934338807036894
"207",-4.43374276507899,0.00922965944755996
"208",-4.48189042889097,0.00926056168086618
"209",-4.59728402610376,0.0092422040968605
"210",-4.31638997417008,0.00950318087187888
"211",-4.58118193160246,0.00946866928201909
"212",-4.49400445470821,0.00934603506370988
"213",-4.3495405448711,0.00888773987685577
"214",-4.50168792524631,0.00898262436675172
"215",-4.45081186806596,0.00947632036041031
"216",-4.44406871586495,0.00893602019497549
"217",-4.22301932449959,0.00893236277299746
"218",-4.29814357192331,0.00870349515299876
"219",-4.39067658886017,0.00891698289555393
"220",-4.24148827840789,0.00923519874244498
"221",-4.16592909876863,0.00880951551434256
"222",-4.19425970216626,0.00888760752663579
"223",-4.27809145603961,0.00892647340337431
"224",-4.3656627319905,0.00927785314835999
"225",-4.40909211040164,0.00934576473515454
"226",-4.57558788438433,0.00953269990308825
"227",-4.77744356137222,0.00947654421005407
"228",-4.545040903512,0.00927202586345642
"229",-4.59256083221409,0.00962279670329093
"230",-4.76585677169323,0.00976094326393834
"231",-4.78690667146772,0.00974122758710908
"232",-4.68695506705755,0.00974920783430182
"233",-4.59844964099678,0.00951801913588668
"234",-4.62194460623677,0.00959742479662878
"235",-4.63792422794026,0.0098908536411241
"236",-4.60006623937578,0.00970849857804409
"237",-4.72186301248233,0.00958334081049222
"238",-4.49933427773483,0.00907239298129349
"239",-4.40425857298009,0.00905063729863455
"240",-4.27230567611568,0.00902177564991218
"241",-4.33824576123097,0.00919464113023342
"242",-4.48985942004398,0.00935641293353323
"243",-4.44290089433809,0.00942157520716238
"244",-4.44994480761194,0.00932183444643634
"245",-4.49945276596354,0.00941376789976841
"246",-4.50955914678444,0.00921348366263118
"247",-4.47148738352303,0.00948104702930748
"248",-4.48380869178258,0.0096082956565055
"249",-4.49782164917914,0.0090637536583903
"250",-4.47177401188532,0.00923904343694969
"251",-4.48952489815207,0.00944801172982181
"252",-4.57650771964131,0.00937211426811172
"253",-4.42815029003801,0.00939709071393849
"254",-4.49171090879188,0.00945466475723855
"255",-4.59046381747385,0.00949601821933231
"256",-4.68194159632546,0.00947318757438386
"257",-4.35828980423609,0.00908938445407926
"258",-4.25420593955119,0.00843415443395754
"259",-4.1391664024494,0.00886969815535456
"260",-4.09325478596064,0.00880215991526485
"261",-4.34261489648217,0.00902997119848578
"262",-4.20552728831739,0.00907323223848615
"263",-4.40186492781019,0.00941170685284273
"264",-4.4877933049041,0.00948587473948206
"265",-4.56693200163214,0.00942219392806347
"266",-4.52800849746057,0.00951262620936658
"267",-4.44805375868443,0.00904305474773376
"268",-4.31658086294756,0.00898143324489904
"269",-4.32361177322059,0.00909734282962897
"270",-4.31604211294022,0.00906622385346719
"271",-4.27696434614438,0.00913683883523693
"272",-4.45886559810635,0.00943166334996481
"273",-4.61135507460102,0.00957723968105499
"274",-4.80963991342767,0.0102698207480397
"275",-4.89845430675459,0.0102393807104147
"276",-4.76433001815839,0.00961074852995369
"277",-4.64860316092547,0.00974963371315847
"278",-4.75566081967337,0.00981874281177566
"279",-4.68959779231256,0.00967887262239767
"280",-4.78260723378078,0.00960585431827779
"281",-4.70082251151006,0.00953895603622243
"282",-4.48935643890597,0.0094217304943024
"283",-4.51718507155998,0.00943219666729163
"284",-4.55451971927454,0.00961365625076405
"285",-4.73910253185211,0.00951056115672882
"286",-4.52201740152355,0.00914018471636865
"287",-4.53275022091514,0.00961311211007588
"288",-4.40459389808442,0.009340641856146
"289",-4.32229016249961,0.00929761327705615
"290",-4.56716341037226,0.0092356040338666
"291",-4.52967558005316,0.00936601190087914
"292",-4.55249417638804,0.00977239222589882
"293",-4.59533405614661,0.00968083933997394
"294",-4.57224692302388,0.00970128945586569
"295",-4.58317865659707,0.00969531471600481
"296",-4.65982241539261,0.00974231671576828
"297",-4.70248652531309,0.00961166944129842
"298",-4.64790934019797,0.00962414103110347
"299",-4.61702874570001,0.00941225830773439
"300",-4.6787319343072,0.00959742729191367
"301",-4.54230318480885,0.00947239070444434
"302",-4.48041488333373,0.00938578080544167
"303",-4.50800611558325,0.00962912410716979
"304",-4.48401004816921,0.00920348083294621
"305",-4.45442520869128,0.00905780886673554
"306",-4.42538366065678,0.00927614841128097
"307",-4.42853749886267,0.00946159815397715
"308",-4.48750715512586,0.00950050885107898
"309",-4.57905267026379,0.00951476827655262
"310",-4.59841217127792,0.00958064741151219
"311",-4.65263306652029,0.00978436765867794
"312",-4.77187010811468,0.0100192744312692
"313",-4.87629827645102,0.0103146383811911
"314",-5.12218012953201,0.0107452914931695
"315",-5.11226185543326,0.0102756083376057
"316",-5.10709104133744,0.0104263923580965
"317",-5.03246248239223,0.0103735088105131
"318",-4.97400605759274,0.0104852403796581
"319",-5.12855257421985,0.0106354263249206
"320",-5.2295944452047,0.0107516853297004
"321",-5.00840605171337,0.0104866080004805
"322",-5.03430576056544,0.0104989805331845
"323",-5.07002480705048,0.010445539327533
"324",-5.05482771061107,0.010307338605868
"325",-4.81845667735012,0.00961298467525816
"326",-4.77231116287087,0.00966107120423238
"327",-4.55058947686098,0.00947362785017211
"328",-4.67261055223122,0.00986457372110519
"329",-4.87611868664516,0.00977465622127931
"330",-4.90577524437335,0.0103551810169957
"331",-4.98649176898218,0.0105928432179083
"332",-5.18444465227553,0.0109122386125659
"333",-5.30381033864901,0.0108960891895949
"334",-5.10927633506359,0.0101029130322306
"335",-5.19177391680705,0.0109212440999906
"336",-5.37563802462988,0.0110213705898439
"337",-5.48762314691017,0.0108556699248657
"338",-5.34265700186639,0.0109317086524215
"339",-5.34039756597278,0.0106728298328173
"340",-5.06096219785361,0.0105366716111663
"341",-5.09111930902506,0.0103063447911129
"342",-5.04935867800747,0.0102996594428583
"343",-5.01679622431563,0.0104494887409828
"344",-5.0748335451619,0.0105538910974203
"345",-4.95352603186535,0.010408756499366
"346",-4.92511633985612,0.00989983530891958
"347",-4.63274511882799,0.00976161221664833
"348",-4.70019235628507,0.00964564524782743
"349",-4.59618940056482,0.00980904301549097
"350",-4.59687234128686,0.00954093932016848
"351",-4.60551927003532,0.00968490559230494
"352",-4.66298065586341,0.00979590549537302
"353",-4.67995828579778,0.00944048208833014
"354",-4.70101430561961,0.00957407172018805
"355",-4.66258648398287,0.00957588506214298
"356",-4.65358034889983,0.00952448733559536
"357",-4.65814796736022,0.00953705320056783
"358",-4.49094695718526,0.00913345175053993
"359",-4.18551695754233,0.00855193521137168
"360",-4.09072813484057,0.00853518195981822
"361",-3.95088283491549,0.00859235109611956
"362",-4.28745169745142,0.00916066962608191
"363",-4.186781390456,0.00913304566386556
"364",-4.16991946406982,0.00854941941631675
"365",-4.0407070724943,0.0082772839436574
"366",-3.87334393168008,0.00815596124830649
"367",-4.09375275795419,0.00916022162046897
"368",-4.71428462352793,0.00926715364408989
"369",-4.61632354912107,0.00938453456234966
"370",-4.47981474191465,0.00943612060702074
"371",-4.54330909649284,0.00944845670949298
"372",-4.65599112830333,0.00943639744369017
"373",-4.56389687552365,0.00964443435154284
"374",-4.46478468227099,0.009314614444545
"375",-4.53636213182398,0.00950740255675835
"376",-4.62469654674932,0.00966002504802793
"377",-4.76281895119877,0.00987042543597604
"378",-4.79074141881488,0.0100008157502958
"379",-4.68775116900208,0.0099939245506778
"380",-4.67957406451464,0.00980454154685858
"381",-4.82483012575761,0.0101207019578489
"382",-4.93835911982058,0.0102986563058937
"383",-5.07847092764843,0.0105566800593038
"384",-5.06810163106121,0.0103104992631664
"385",-5.02984368657584,0.0102058760497517
"386",-4.95553350234546,0.0101258185301384
"387",-4.85764932681357,0.00999897770650844
"388",-4.90178693868604,0.0101042090706093
"389",-4.91770625492768,0.0100507301137223
"390",-4.93982354766545,0.0100409213292873
"391",-4.64654751682707,0.00960112411215534
"392",-4.64708725120792,0.00974527203834976
"393",-4.65972605815916,0.00955710822739324
"394",-4.76617005210427,0.00960132675975638
"395",-4.44430886967721,0.00932446295459479
"396",-4.61752905092777,0.0097632097902317
"397",-4.74241022940951,0.00968624746347777
"398",-4.59507797831862,0.00948070919995478
"399",-4.50903330161448,0.00950554518505129
"400",-4.61165782751349,0.00955039905544814
"401",-4.62470308906278,0.00978856647658631
"402",-4.59511223567071,0.00973100396780247
"403",-4.57059657991682,0.00944874876679512
"404",-4.41366562991175,0.00948408987507908
"405",-4.33836866282498,0.00930928060629066
"406",-4.3382902245021,0.00895614862534413
"407",-4.34779717753442,0.00933941702794171
"408",-4.42406596533796,0.00899309260715826
"409",-4.34059357898547,0.00898570277952672
"410",-4.50115454247997,0.00922086294875094
"411",-4.39595266951321,0.00915798946788552
"412",-4.33771158223871,0.00893624578742658
"413",-4.30663639218303,0.0090390805853588
"414",-4.40956699366583,0.00924680594949273
"415",-4.49769832832345,0.00921163458410647
"416",-4.58643198224967,0.00942416054394804
"417",-4.5178795078514,0.00941765460525146
"418",-4.59256526733063,0.0092834041344686
"419",-4.38520138098419,0.00930934912623787
"420",-4.41706565087607,0.00939074837792742
"421",-4.53088833052751,0.00940178722081541
"422",-4.55121072093776,0.00956768210881259
"423",-4.65687609913071,0.0094025728172505
"424",-4.70365753584919,0.00978773385063241
"425",-4.78488632771436,0.00988428530363319
"426",-4.85136126549127,0.00987031080916109
"427",-4.79621110604689,0.00982084641104942
"428",-4.73689394438295,0.00966470998003674
"429",-4.57814251645724,0.00928950930661533
"430",-4.51833766567809,0.00935885822470924
"431",-4.38748704903527,0.00922929870531768
"432",-4.48369805018238,0.00929320929110535
"433",-4.42880672068016,0.00937583352548831
"434",-4.36501771989712,0.00891700018658103
"435",-4.20133661390998,0.00881357182959119
"436",-4.1948872476525,0.00894550082393222
"437",-4.32401322319142,0.00898196450810884
"438",-4.33112374037795,0.00884067320563772
"439",-4.32986725633177,0.00922417349113036
"440",-4.39101092054987,0.00900895649790619
"441",-4.41498887703971,0.00932522807920521
"442",-4.42415295873555,0.00911695668215781
"443",-4.39589279156953,0.00937938950587592
"444",-4.61566677458005,0.00943000430589581
"445",-4.46230292753993,0.00937431797391331
"446",-4.47673440925085,0.00917628683102103
"447",-4.49233359317348,0.00932801758481202
"448",-4.52703960138939,0.00949637659366716
"449",-4.65052752819111,0.00939916117027812
"450",-4.59723382799363,0.00918992094510659
"451",-4.54419407063485,0.00919136288215278
"452",-4.33721641562451,0.00902592752508437
"453",-4.38647381553623,0.00894043539291384
"454",-4.37632383029361,0.00908544625346205
"455",-4.39148784900085,0.00918701199698915
"456",-4.51084720835076,0.00956081196555893
"457",-4.72702665617533,0.00944513055032237
"458",-4.38628165269702,0.00888693009875054
"459",-4.34615684866262,0.00895979714145065
"460",-4.32553662217042,0.00918715761428836
"461",-4.3211065363942,0.00920465651643896
"462",-4.21560761354266,0.00878609524863901
"463",-4.29154199907848,0.00911943175982159
"464",-4.37365684216164,0.0089842221030982
"465",-4.19904964609295,0.00891463951950377
"466",-4.46756382973567,0.00901767765609691
"467",-4.4662899122935,0.00912882227258911
"468",-4.45980544816584,0.00942472283790034
"469",-4.43947381734362,0.00954871751939217
"470",-4.46678739791247,0.00921989275401738
"471",-4.42137757959731,0.00911486090600341
"472",-4.40883526342995,0.00927347954726148
"473",-4.47703569506646,0.00897865578556232
"474",-4.19219138590068,0.00891472700732812
"475",-4.19212994448955,0.00869263589772623
"476",-4.14906848931878,0.00872037668481898
"477",-4.24903345566513,0.00905063703130348
"478",-4.20355473973718,0.00893833667244384
"479",-4.23894176348507,0.00889687561670116
"480",-4.24360634142525,0.00876067123359258
"481",-4.13134829060453,0.00842976670443302
"482",-4.03446098748229,0.00849947956976331
"483",-4.03285059208532,0.00890478473471279
"484",-4.18452129086856,0.00901551200479346
"485",-4.40148467189224,0.00922644245796163
"486",-4.37232047581689,0.00923341305660232
"487",-4.2849525995214,0.00924045088957795
"488",-4.27239523711979,0.00874325388613278
"489",-4.17190004786942,0.00888496036048156
"490",-4.37595220579998,0.00912342934301477
"491",-4.45712314359891,0.00965033756937897
"492",-4.70642135765336,0.00949801101544289
"493",-4.56042586501153,0.00949646234434749
"494",-4.51034622516046,0.00936963846402315
"495",-4.52960056396802,0.00962729276935523
"496",-4.67922573097221,0.0100033906481865
"497",-4.7563319574581,0.00998520851110659
"498",-4.82407269931896,0.0100176313289308
"499",-4.86526239757633,0.0101363312822554
"500",-4.84297731670203,0.00986234351368755
"501",-4.82887244820726,0.00976939977790793
"502",-4.61929505698513,0.00967629060181553
"503",-4.62933561141994,0.00946098006929474
"504",-4.60423020086323,0.00946093337913894
"505",-4.49148357843863,0.00962260332540745
"506",-4.65275507071519,0.00980340033122358
"507",-4.51007141083565,0.0093154764461397
"508",-4.57636234706086,0.00944424993895125
"509",-4.51313326998208,0.00949441522280415
"510",-4.65674066349483,0.00960257470986121
"511",-4.69901108384275,0.00959402600286614
"512",-4.63837342231304,0.00947961257328821
"513",-4.49250063557113,0.00932712445624614
"514",-4.48836992032643,0.00938695169705048
"515",-4.62288097500596,0.00949108090359252
"516",-4.54822041927961,0.00934452869028234
"517",-4.33644435208033,0.00949589985810099
"518",-4.53415336096947,0.0092646681668035
"519",-4.55474312210512,0.00935778505174726
"520",-4.54176702660434,0.00951632802197838
"521",-4.57419483710663,0.00943487688898498
"522",-4.41736841155326,0.00939895038707127
"523",-4.37424562803703,0.00930839673089696
"524",-4.51668925153873,0.00912777566660304
"525",-4.52194475090925,0.00936198082532995
"526",-4.53029400467701,0.00949316861303195
"527",-4.49640787820702,0.00937103617008457
"528",-4.53827235131536,0.00953512416571251
"529",-4.63577610491923,0.00975027345318299
"530",-4.76697670292116,0.00986669387879165
"531",-4.62778332371717,0.0094564677991093
"532",-4.53273881413499,0.00973187732962285
"533",-4.72227550694635,0.00983268946895258
"534",-4.72300988009219,0.00978863292535663
"535",-4.70374047688956,0.00978357408895087
"536",-4.65550158758319,0.00989707782874293
"537",-4.79652756261158,0.00996364592505111
"538",-4.75017744423774,0.0100412735501119
"539",-4.74678465849235,0.00972261895009881
"540",-4.781499557883,0.0100789448931176
"541",-5.02188718631086,0.0104456739125561
"542",-5.07822239276035,0.0101831186283438
"543",-5.15108864408048,0.0104182104133693
"544",-5.19593061566954,0.0104629067100942
"545",-4.94612290070289,0.0103959891370088
"546",-5.01694937953294,0.0104332797740407
"547",-5.17168343228466,0.0104290966121882
"548",-5.17157773197507,0.0104827402155298
"549",-5.12357151536952,0.0104269498524774
"550",-4.9224349533849,0.0105704337256826
"551",-5.20001434300343,0.0106458836518747
"552",-5.19652486486759,0.0107800798429838
"553",-5.07727841305855,0.010612487293019
"554",-5.00657732073824,0.0106466223605839
"555",-5.23142428801239,0.0107463753164403
"556",-5.17550588162438,0.0109063671956937
"557",-5.16812519700087,0.0108737647252584
"558",-5.17810881618097,0.01083121688404
"559",-5.18874857741702,0.010890638183366
"560",-5.32272176586199,0.0110447429241876
"561",-5.23002265202982,0.0107306766367424
"562",-5.36281070477832,0.0109142777392374
"563",-5.18478470463313,0.0108061322589112
"564",-5.14461263906008,0.010546207864048
"565",-4.92687672087122,0.0101930321900109
"566",-4.91811249794176,0.00994454832934362
"567",-4.74361042922757,0.00991504834419247
"568",-4.92357096083561,0.00999098318451317
"569",-4.91030292393095,0.010025988673634
"570",-4.89701714662828,0.0100388793161784
"571",-4.93992806124754,0.00994453838590532
"572",-4.74022410942937,0.0101046806904241
"573",-4.63837993704834,0.009407801792781
"574",-4.62740049806829,0.0098307748570019
"575",-4.79967450698701,0.00965438857554792
"576",-4.81904068707195,0.00963929226159954
"577",-4.79359920438408,0.00955699618222672
"578",-4.76758650452553,0.00965640724218235
"579",-4.6212900639273,0.00942835822295016
"580",-4.42070740109528,0.00901749044276492
"581",-4.36019366048767,0.0095677384636498
"582",-4.37663130309146,0.00934024145586757
"583",-4.44958753023637,0.00936320182300566
"584",-4.44492482632256,0.00893242370545786
"585",-4.27438714232761,0.00892116263257114
"586",-4.23965919336489,0.00900371297168303
"587",-4.35472243505452,0.00914847167330672
"588",-4.35187719339062,0.00906092785485685
"589",-4.28939351527491,0.00896414689972977
"590",-4.22227264208784,0.00908490074853099
"591",-4.3805256629878,0.00919784614111856
"592",-4.34844649642862,0.00899475174272413
"593",-4.36783762956227,0.00939669126900149
"594",-4.6915728152846,0.00938846053187808
"595",-4.59962178673902,0.00942983420301871
"596",-4.53820635117281,0.00945580911684514
"597",-4.56381468618076,0.00939189723720121
"598",-4.53571059771754,0.00940340091369676
"599",-4.60744036236506,0.00991867995652576
"600",-4.68056727990446,0.00942961473336142
"601",-4.64897827493102,0.00941670895165484
"602",-4.74510376900192,0.00937837723175939
"603",-4.31730604958573,0.00934416166401668
"604",-4.42717643064321,0.00930777426730863
"605",-4.36339282860448,0.00923500798752459
"606",-4.41689806789243,0.00913617679033169
"607",-4.42204115426462,0.00913809194688834
"608",-4.39151920761345,0.00934860521932049
"609",-4.53230964788015,0.00927234893209006
"610",-4.3590437146077,0.00906785280787716
"611",-4.43508060436898,0.00942574614720864
"612",-4.65754557443218,0.00950250593481099
"613",-4.65517951745168,0.00949968759908963
"614",-4.44935769611573,0.00937475685233894
"615",-4.38834387825733,0.00907161567028951
"616",-4.37667256616582,0.00920857283368098
"617",-4.36514557789652,0.00924118425579454
"618",-4.37061285540959,0.00928015334359923
"619",-4.53140630013129,0.00912862771375041
"620",-4.45688140426324,0.00935293967039105
"621",-4.49736503903338,0.00933592117633125
"622",-4.59266584406769,0.0095171610936763
"623",-4.53285652967956,0.00946609232771295
"624",-4.60530481172966,0.00965627700310476
"625",-4.58931549341231,0.00943418440916235
"626",-4.54540143838558,0.00979782701609276
"627",-4.88918111260198,0.0103566978288645
"628",-4.96555195077781,0.0102761259857444
"629",-4.9007344380916,0.0101468932576999
"630",-4.98163142476274,0.0102790130313464
"631",-4.89494222511351,0.00997169733793677
"632",-4.75095638991768,0.00994268629347192
"633",-4.7558073230492,0.0100199505628486
"634",-4.92076682566055,0.0101366520375391
"635",-4.74508820429209,0.0101301014149623
"636",-4.81532506083009,0.0100514674218734
"637",-4.80848714818223,0.0099933141999805
"638",-4.98553488085089,0.0100746140661054
"639",-4.80476018700702,0.00994470124237529
"640",-4.87173495018048,0.0101433766931347
"641",-4.83641732642833,0.00985451421785084
"642",-4.82578082241407,0.00990066826959879
"643",-4.70601409586137,0.00961435789305559
"644",-4.80608773650767,0.00987657608617268
"645",-4.73195295972453,0.00986509156849663
"646",-4.74215095796285,0.00970163145613955
"647",-4.67517055776519,0.00973255183242844
"648",-4.70516411964588,0.00962371164069084
"649",-4.50361506136488,0.0090754907913171
"650",-4.57305424937891,0.00913919651091617
"651",-4.55040411014075,0.00942358896333864
"652",-4.58056605454185,0.0096082538667618
"653",-4.64108267260297,0.00965436303622593
"654",-4.65546333008487,0.0094624869505048
"655",-4.55809175058135,0.00948615034673928
"656",-4.6782264406182,0.00937212615969013
"657",-4.42945378392907,0.00906362576717114
"658",-4.40890027224014,0.00924852114040674
"659",-4.46856222360735,0.00914340453054855
"660",-4.32865192372179,0.00920966279618461
"661",-4.41046672902789,0.00924066126599147
"662",-4.44495951349011,0.00945447070083125
"663",-4.45150154943542,0.00945198797447299
"664",-4.53309491473991,0.00921676098486706
"665",-4.46081846287975,0.00944240869583459
"666",-4.38040707294671,0.00926679025616057
"667",-4.41551953234535,0.00923636324604743
"668",-4.36174386013468,0.00928940598054365
"669",-4.39576763887783,0.00918138154473395
"670",-4.57493868742882,0.0096462600952412
"671",-4.68330886117828,0.00967352397301907
"672",-4.61764254143082,0.00958949070022902
"673",-4.56783238130129,0.00928187785786622
"674",-4.47371767476624,0.00921972085472758
"675",-4.31532448523813,0.00900795513446678
"676",-4.27271923164564,0.00922495441320824
"677",-4.2906916961682,0.00890425313008709
"678",-4.31488545739118,0.00911919488686915
"679",-4.46451861233125,0.00916561482524272
"680",-4.49866178824323,0.00959797149813093
"681",-4.66255798050908,0.00955798975527792
"682",-4.59542619885672,0.00937290002778982
"683",-4.53128980004114,0.0094827479502806
"684",-4.65432860913838,0.0095741724199632
"685",-4.64072329050508,0.00955265869259829
"686",-4.6288772185697,0.00947893792620239
"687",-4.6318337722271,0.0095436745256386
"688",-4.59206430767815,0.00947614857856149
"689",-4.38903898206425,0.00907465566645149
"690",-4.4319923494313,0.00902142152379972
"691",-4.43659400037009,0.00925201507443721
"692",-4.54453979942091,0.00958252441802229
"693",-4.69998900121803,0.00960313235409507
"694",-4.56586076237764,0.00963772108413292
"695",-4.70512886897993,0.00975677403707163
"696",-4.72660436790502,0.00989176668961318
"697",-4.73495134205358,0.00966261965908383
"698",-4.40114207286876,0.00906549904695883
"699",-4.31171084077416,0.00906897455002042
"700",-4.41247400375436,0.00928397276675794
"701",-4.44015950636454,0.00931565178344141
"702",-4.38225380637098,0.00907899916962524
"703",-4.52487387381694,0.00939017563758947
"704",-4.52509102284519,0.00936879763822857
"705",-4.54905082765178,0.00944851132637669
"706",-4.47753579784621,0.0094205258172255
"707",-4.64585852789604,0.00979448621318232
"708",-4.70980741342036,0.0101205112244732
"709",-5.04962889481127,0.0101556910992564
"710",-4.75401450361864,0.00985766972706357
"711",-4.77639405329855,0.00987514877032731
"712",-4.81543011290302,0.0101473657321557
"713",-4.87437345712109,0.0104399062763839
"714",-4.8825085427623,0.010437436805023
"715",-5.16512082557329,0.0104785912987984
"716",-5.00519530126491,0.0104503753325996
"717",-5.00436291371539,0.0105613977822332
"718",-4.99961426109402,0.0106084118894545
"719",-5.23875737906553,0.0106827009321455
"720",-5.38161621843575,0.0112353962212965
"721",-5.29671228876923,0.0111143429725523
"722",-5.30217204390625,0.0111662547963633
"723",-5.1696265789271,0.0111962537992154
"724",-5.55250147073803,0.0113890989339672
"725",-5.53218080711349,0.0112589792203054
"726",-5.34950742589355,0.0113257617791221
"727",-5.57509363818781,0.011311493898039
"728",-5.51985137325206,0.0111886934418215
"729",-5.39242662420826,0.0108122546688869
"730",-5.32388895135724,0.0112050322332502
"731",-5.38975435940211,0.0109916487538134
"732",-5.33302672847238,0.0109575840340238
"733",-5.32886901730081,0.010844724792168
"734",-5.12871056257261,0.0106494316674751
"735",-5.18386921761369,0.0106593076466217
"736",-5.16910834877461,0.0105227880492866
"737",-5.12986815013674,0.0105320593482393
"738",-5.11404937871409,0.0101649703810446
"739",-5.06579526413839,0.0100186381184288
"740",-5.10608321013586,0.0106135388021664
"741",-5.07539580534787,0.01049782713157
"742",-5.01734033773852,0.0103375560422357
"743",-4.93115236913947,0.0100035274905224
"744",-4.70334028557181,0.00953399996596003
"745",-4.68945389878769,0.00959222882308561
"746",-4.68322759307693,0.00956943760394539
"747",-4.76604518207107,0.0100161682026475
"748",-5.10890581858752,0.0103729711910525
"749",-5.12753179980252,0.0104757726477092
"750",-5.06856377498569,0.0105546442392339
"751",-5.06723319734156,0.0106087796040903
"752",-5.06315153036322,0.0103606039487036
"753",-4.99517135996455,0.0104481142683131
"754",-4.98719076548916,0.00989055125935347
"755",-4.8738255243479,0.00993008683086116
"756",-4.83449986232977,0.0100069095999545
"757",-4.64626200817416,0.00972026917553331
"758",-4.46658225929125,0.00955703616799396
"759",-4.71315197729271,0.00976487242177729
"760",-4.71360936328404,0.00977607313546546
"761",-4.64635643557756,0.0100655951376259
"762",-4.78714317993428,0.00981840518401056
"763",-4.77893721362929,0.00997282829036731
"764",-4.79831322060122,0.00996127398582931
"765",-4.74121756718606,0.00971917138192869
"766",-4.74375921186763,0.00972872820192326
"767",-4.59844781569325,0.00937393461318925
"768",-4.63740385462414,0.00956138637845569
"769",-4.58836847884403,0.00967085563425358
"770",-4.63719860235256,0.0095841281378595
"771",-4.5437194247046,0.00941651846188939
"772",-4.65259509979677,0.00958484112560467
"773",-4.68056865049865,0.0097946904197032
"774",-4.6634529245551,0.0095898188953976
"775",-4.67396305996614,0.00964233865991548
"776",-4.64146748606625,0.00961910286159167
"777",-4.58553602454721,0.0094989396886138
"778",-4.54920797976945,0.00930943313744534
"779",-4.53946263322251,0.00961222526329977
"780",-4.54362468468577,0.00941755040160728
"781",-4.56550246185342,0.00972406582527897
"782",-4.73204342293702,0.009868846648774
"783",-4.79158171408616,0.00972864168029558
"784",-4.75587200178832,0.00991071017509494
"785",-4.79018091248743,0.00973976401792629
"786",-4.77860828398049,0.00979771121049344
"787",-4.75191962237224,0.00967194974801863
"788",-4.65259244741254,0.00985094084738609
"789",-4.71194562492046,0.00964797909452439
"790",-4.62308072950389,0.00969716492607729
"791",-4.66338134371308,0.00977333216321229
"792",-4.62819370579095,0.00989168931519143
"793",-4.81380529560531,0.0100630742993516
"794",-4.74425839057372,0.00976915045012287
"795",-4.76956381814172,0.00993760520697286
"796",-4.88017646642726,0.0102990797576326
"797",-4.88276246438661,0.0103375556579717
"798",-4.9045602449057,0.0099495203006749
"799",-4.6835556964145,0.00992209050550518
"800",-4.81716613310498,0.00976442643143986
"801",-4.81076772775442,0.00999303639042278
"802",-4.92518332300628,0.0104066582766045
"803",-5.15439299830364,0.0104308318701102
"804",-5.00755056592049,0.0102804593851749
"805",-5.00989121858868,0.010262620338102
"806",-4.9520161535437,0.00997195080169315
"807",-4.95321765138866,0.00995469222869229
"808",-5.01650980673173,0.0100755081017058
"809",-4.96452163321364,0.0102560525837399
"810",-4.97942705367884,0.0102278648052591
"811",-5.0668438788754,0.0105141942031913
"812",-5.12109905613056,0.0104991585268235
"813",-4.87790180349028,0.0104352458635666
"814",-4.87743323579353,0.00990231442343976
"815",-4.86819789372034,0.00985282549794385
"816",-4.74460243331094,0.00953223980728202
"817",-4.44678164672809,0.00947530820774157
"818",-4.41055888134102,0.0090069708887225
"819",-4.14282079174903,0.00866637230413282
"820",-4.28002898147421,0.00938180390154524
"821",-4.29813074193027,0.00869284306875313
"822",-4.30351342949736,0.00903082611028732
"823",-4.22539205842463,0.00872168002414676
"824",-4.22982572608521,0.00860482960030825
"825",-4.05780297216088,0.0083856051929459
"826",-3.99290312707648,0.00847093825741526
"827",-4.03394038677569,0.00862781202503322
"828",-4.10356345239499,0.00853570110525699
"829",-4.0606394952702,0.00851810550380083
"830",-4.03580873259147,0.00815751579645736
"831",-3.8311402655887,0.00788277999197709
"832",-3.78862452825413,0.00786471977312633
"833",-3.94503728932596,0.00883406801457266
"834",-3.89649789020146,0.0088415511827298
"835",-4.20929012883505,0.00889801683500583
"836",-4.2429565164067,0.00889907146629366
"837",-4.30933067708756,0.00893580638001584
"838",-4.26046930139962,0.00901749494409034
"839",-4.35799246534485,0.00893332183428499
"840",-4.26651982356797,0.00886626771668349
"841",-4.2032454860009,0.0087992771950384
"842",-4.01220244205571,0.00856950567559305
"843",-3.87899944727488,0.00850505431960924
"844",-3.96915291297293,0.00852559744089431
"845",-3.99531222920392,0.00853641897300034
"846",-4.07346786031528,0.00881727211725687
"847",-4.07651830058197,0.00863728811862593
"848",-4.03703970710469,0.00864645961334266
"849",-4.23323150123198,0.00863626241368446
"850",-4.2287997317254,0.00880172686878873
"851",-4.27188718061677,0.0091229437335434
"852",-4.33451584844772,0.00906257440249898
"853",-4.26025994309179,0.00908110448387161
"854",-4.26842963934846,0.0090708399757458
"855",-4.23822149302375,0.00898917853636673
"856",-4.24869487268045,0.00917774234673958
"857",-4.28206567461161,0.00888393459409736
"858",-4.23887507336263,0.00893850972283978
"859",-4.27662738457449,0.00888579609657049
"860",-4.32652246640268,0.0091449360283072
"861",-4.31225989790821,0.00897645969902731
"862",-4.35960975832263,0.00931814311984225
"863",-4.59489356528162,0.00959932723557563
"864",-4.7550767090066,0.0096708601321476
"865",-4.66795244162121,0.00965665942658726
"866",-4.56388018130268,0.00962741962429202
"867",-4.62104009659343,0.00951001788354978
"868",-4.64235228141389,0.00950040671102662
"869",-4.58264218632009,0.00923808723667892
"870",-4.56818154072566,0.00949963143622716
"871",-4.62717953703502,0.00942011254996301
"872",-4.48359934231467,0.00934788270532499
"873",-4.34621209597298,0.00930989210684137
"874",-4.41402263361462,0.00906489147679832
"875",-4.31854113000302,0.00899800495652624
"876",-4.32336866567352,0.00900813256372891
"877",-4.46204624816299,0.00917366098093477
"878",-4.34988356527063,0.00908840005836802
"879",-4.3146187618233,0.00926119078510887
"880",-4.29341367704731,0.00879807582349346
"881",-4.09128929503938,0.00865095290754209
"882",-4.25470454592856,0.00868681097890917
"883",-4.20018209528094,0.00864740515101325
"884",-4.12095498553365,0.0086224544085554
"885",-4.02552322974,0.00854291356404834
"886",-4.22949928535994,0.00856260102502046
"887",-4.21991095986522,0.00902337197372244
"888",-4.19608588429748,0.0086029856278456
"889",-4.06115429057887,0.00862561996101664
"890",-4.15151414885189,0.00880553122050171
"891",-4.162145738669,0.00871005549194028
"892",-4.26331229997188,0.0090154281864614
"893",-4.39505679277333,0.00931106393546328
"894",-4.45356742077285,0.00938361017581306
"895",-4.48151498196171,0.0096313566679055
"896",-4.63794396388589,0.00983259411249447
"897",-4.72086270188264,0.00991523473755913
"898",-4.73650748688326,0.00991681529263914
"899",-4.74922584386868,0.00965430204476205
"900",-4.57307935415275,0.00957021795547805
"901",-4.71283770259951,0.00984385539368834
"902",-4.65221652335652,0.00988847506746141
"903",-4.84320861964802,0.00991243443699908
"904",-4.76039403595698,0.00984342235710856
"905",-4.88063320841106,0.0100815794107082
"906",-4.92798682234512,0.0102135078877775
"907",-5.02652530191975,0.0105693344690448
"908",-5.18689766293131,0.0104141851487543
"909",-5.20313066316964,0.0105660999083724
"910",-5.19933555869741,0.0107340251648143
"911",-5.04502931921802,0.0102866425461942
"912",-5.06743188753704,0.0102376263688232
"913",-4.88518606426004,0.0102134762051435
"914",-4.88730311329999,0.0103243662641467
"915",-4.99608561069982,0.0103076809229076
"916",-4.98839020983164,0.0103182694486797
"917",-4.804847631829,0.0103817499512701
"918",-4.80710993218066,0.0100882564799357
"919",-4.78620046319944,0.00956278248905129
"920",-4.51556224656104,0.00934073343304727
"921",-4.56693799007574,0.00978707668912029
"922",-4.81408600090714,0.00985944922132809
"923",-4.73436063595952,0.00968762920568105
"924",-4.76573830483242,0.0100512099400421
"925",-4.74148242741762,0.0100812038792384
"926",-4.76354376607402,0.00983487692958789
"927",-4.64559857921142,0.0098414107418154
"928",-4.6295055867139,0.00972695781015061
"929",-4.63027100598613,0.00939618617349546
"930",-4.53553473488826,0.00946311262083106
"931",-4.53208076762632,0.00927879479193588
"932",-4.40216799187411,0.00935530315171969
"933",-4.60756000854213,0.00936956630058318
"934",-4.50671647196742,0.00940851527448523
"935",-4.33322348026861,0.00921834808893657
"936",-4.4756485326252,0.00912194851099916
"937",-4.41190723662278,0.00891831292621291
"938",-4.23234839504607,0.00865076365162975
"939",-4.16366788323523,0.00891195022568564
"940",-4.20018667264251,0.00874845437756797
"941",-4.12158823941478,0.00881095479099792
"942",-4.1120545783839,0.00850135247041955
"943",-4.06788990177175,0.0086263183108279
"944",-4.06330649160974,0.00863840746478013
"945",-4.16148036696757,0.00892599153674031
"946",-4.35582205280644,0.00919491491158259
"947",-4.38559084206902,0.00912536636099633
"948",-4.39544543910256,0.00889277989987817
"949",-4.31561583008446,0.0090350301639616
"950",-4.19789841741928,0.00909972080463212
"951",-4.28278026111199,0.00881882106723909
"952",-4.29844543393369,0.00893300972893911
"953",-4.29426598023372,0.00921281715118737
"954",-4.32267620748309,0.0092547060852289
"955",-4.4328368316843,0.00913901528216508
"956",-4.47359625107837,0.00932817750934675
"957",-4.52207765599178,0.00932833153071062
"958",-4.36536801652853,0.00918683055011969
"959",-4.35045513623734,0.00902050088234534
"960",-4.41546812217345,0.00919987489385701
"961",-4.39255722792842,0.00900619068191836
"962",-4.44595365046035,0.00945592319375125
"963",-4.59226809281796,0.00970935390488078
"964",-4.62401890552061,0.00949964493970506
"965",-4.64188960194655,0.00949577327315301
"966",-4.57988454399019,0.00956255722719906
"967",-4.57538451701395,0.00951574487375963
"968",-4.58650321437241,0.00954525751470287
"969",-4.58730864958716,0.0096075076208794
"970",-4.54513677412268,0.0095421982855462
"971",-4.59726802870399,0.00944036500157561
"972",-4.49233759919153,0.00929994030869792
"973",-4.53605054629752,0.00919250784897219
"974",-4.39435289298335,0.00901356985942995
"975",-4.30455579083716,0.00916300305380905
"976",-4.48280206927539,0.00908105087595832
"977",-4.38393388725523,0.00918787386863393
"978",-4.5787842575737,0.00923713500194237
"979",-4.46243756778334,0.00931580814519328
"980",-4.39488891363858,0.0092050522463177
"981",-4.47362129483075,0.00940064453377299
"982",-4.5545519379066,0.00968111214581122
"983",-4.64647291811092,0.00995502140446395
"984",-4.94285781831713,0.00996260884025757
"985",-4.70183933762937,0.0098520837242549
"986",-4.72413374563823,0.00990322491502974
"987",-4.86856060132599,0.0100679849150338
"988",-4.85358750605362,0.0100787145196315
"989",-4.85025887264347,0.01003750026096
"990",-4.8909959955587,0.0101000595029355
"991",-4.90361165049995,0.0102004616789351
"992",-4.82392298229655,0.0100988863794443
"993",-4.85776580794463,0.00976274824120953
"994",-4.69556690921598,0.00963577659501642
"995",-4.99496412908622,0.0102736176252851
"996",-5.032442201208,0.0103462144561338
"997",-5.06175813918518,0.0103264894304138
"998",-4.88669624677809,0.00979259703167421
"999",-4.74052658465088,0.00963676138301684
"1000",-4.74816090509794,0.00964037620627062
